{"tfjsVersion":"1.7.4","tmVersion":"2.4.10","packageVersion":"0.8.4-alpha2","packageName":"@teachablemachine/image","timeStamp":"2025-10-02T05:37:19.924Z","userMetadata":{},"modelName":"tm-my-image-model","labels":["Arive-Dantu","Basale ","Betel","Crape Jasmine","Curry","Drumstick","Fenugreek","Guava","Hibiscus","Indian Beech ","Indian Mustard","Jackfruit","Jamaica Cherry Gasagase","Jamun","jasmine","Karanda","Lemon","mango ","Mexican Mint ","Mint","Neem","Oleander ","Parijata","Peepal","Pomegranate","rasna","Rose apple ","Roxburgh fig ","Sandalwood ","Tulsi "],"imageSize":224}